,tags,words
0,-,-
1,-,-
2,-,-
3,*,Cual
4,*,es
5,*,la
6,*,definicion
7,*,de
8,tpc,dinero
9,-,-
10,-,-
11,-,-
12,-,-
13,-,-
14,-,-
15,*,Cual
16,*,es
17,*,la
18,*,definicion
19,*,de
20,tpc,dinero
21,tpc,sucio
22,-,-
23,-,-
24,-,-
25,-,-
26,-,-
27,-,-
28,*,Cual
29,*,es
30,*,la
31,*,definicion
32,*,de
33,tpc,recibo
34,-,-
35,-,-
36,-,-
37,-,-
38,-,-
39,-,-
40,*,Cual
41,*,es
42,*,la
43,*,definicion
44,*,de
45,tpc,deposito
46,-,-
47,-,-
48,-,-
49,-,-
50,-,-
51,-,-
52,*,Cual
53,*,es
54,*,la
55,*,definicion
56,*,de
57,tpc,beneficiario
58,-,-
59,-,-
60,-,-
61,-,-
62,-,-
63,-,-
64,*,Cual
65,*,es
66,*,la
67,*,definicion
68,*,de
69,tpc,cuenta
70,-,-
71,-,-
72,-,-
73,-,-
74,-,-
75,-,-
76,*,Cual
77,*,es
78,*,la
79,*,definicion
80,*,de
81,tpc,cuenta
82,tpc,compartida
83,-,-
84,-,-
85,-,-
86,-,-
87,-,-
88,-,-
89,*,Que
90,*,es
91,tpc,dinero
92,-,-
93,-,-
94,-,-
95,-,-
96,-,-
97,-,-
98,*,Que
99,*,es
100,tpc,dinero
101,tpc,sucio
102,-,-
103,-,-
104,-,-
105,-,-
106,-,-
107,-,-
108,*,Que
109,*,es
110,tpc,recibo
111,-,-
112,-,-
113,-,-
114,-,-
115,-,-
116,-,-
117,*,Que
118,*,es
119,tpc,deposito
120,-,-
121,-,-
122,-,-
123,-,-
124,-,-
125,-,-
126,*,Que
127,*,es
128,tpc,beneficiario
129,-,-
130,-,-
131,-,-
132,-,-
133,-,-
134,-,-
135,*,Que
136,*,es
137,tpc,cuenta
138,-,-
139,-,-
140,-,-
141,-,-
142,-,-
143,-,-
144,*,Que
145,*,es
146,tpc,cuenta
147,tpc,compartida
148,-,-
149,-,-
150,-,-
151,-,-
152,-,-
153,-,-
154,*,Como
155,*,hago
156,*,para
157,acc,enviar
158,-,-
159,-,-
160,-,-
161,-,-
162,-,-
163,-,-
164,*,Como
165,*,hago
166,*,para
167,acc,recibir
168,-,-
169,-,-
170,-,-
171,-,-
172,-,-
173,-,-
174,*,Como
175,*,hago
176,*,para
177,acc,obtener
178,acc,exitosamente
179,-,-
180,-,-
181,-,-
182,-,-
183,-,-
184,-,-
185,*,Como
186,*,hago
187,*,para
188,acc,cancelar
189,-,-
190,-,-
191,-,-
192,-,-
193,-,-
194,-,-
195,*,Como
196,*,hago
197,*,para
198,acc,pagar
199,-,-
200,-,-
201,-,-
202,-,-
203,-,-
204,-,-
205,*,Como
206,*,hago
207,*,para
208,acc,enviar
209,tpc,dinero
210,-,-
211,-,-
212,-,-
213,-,-
214,-,-
215,-,-
216,*,Como
217,*,hago
218,*,para
219,acc,recibir
220,tpc,dinero
221,-,-
222,-,-
223,-,-
224,-,-
225,-,-
226,-,-
227,*,Como
228,*,hago
229,*,para
230,acc,obtener
231,acc,exitosamente
232,tpc,dinero
233,-,-
234,-,-
235,-,-
236,-,-
237,-,-
238,-,-
239,*,Como
240,*,hago
241,*,para
242,acc,cancelar
243,tpc,dinero
244,-,-
245,-,-
246,-,-
247,-,-
248,-,-
249,-,-
250,*,Como
251,*,hago
252,*,para
253,acc,pagar
254,tpc,dinero
255,-,-
256,-,-
257,-,-
258,-,-
259,-,-
260,-,-
261,*,Como
262,*,hago
263,*,para
264,acc,enviar
265,tpc,dinero
266,tpc,sucio
267,-,-
268,-,-
269,-,-
270,-,-
271,-,-
272,-,-
273,*,Como
274,*,hago
275,*,para
276,acc,recibir
277,tpc,dinero
278,tpc,sucio
279,-,-
280,-,-
281,-,-
282,-,-
283,-,-
284,-,-
285,*,Como
286,*,hago
287,*,para
288,acc,obtener
289,acc,exitosamente
290,tpc,dinero
291,tpc,sucio
292,-,-
293,-,-
294,-,-
295,-,-
296,-,-
297,-,-
298,*,Como
299,*,hago
300,*,para
301,acc,cancelar
302,tpc,dinero
303,tpc,sucio
304,-,-
305,-,-
306,-,-
307,-,-
308,-,-
309,-,-
310,*,Como
311,*,hago
312,*,para
313,acc,pagar
314,tpc,dinero
315,tpc,sucio
316,-,-
317,-,-
318,-,-
319,-,-
320,-,-
321,-,-
322,*,Como
323,*,hago
324,*,para
325,acc,enviar
326,tpc,recibo
327,-,-
328,-,-
329,-,-
330,-,-
331,-,-
332,-,-
333,*,Como
334,*,hago
335,*,para
336,acc,recibir
337,tpc,recibo
338,-,-
339,-,-
340,-,-
341,-,-
342,-,-
343,-,-
344,*,Como
345,*,hago
346,*,para
347,acc,obtener
348,acc,exitosamente
349,tpc,recibo
350,-,-
351,-,-
352,-,-
353,-,-
354,-,-
355,-,-
356,*,Como
357,*,hago
358,*,para
359,acc,cancelar
360,tpc,recibo
361,-,-
362,-,-
363,-,-
364,-,-
365,-,-
366,-,-
367,*,Como
368,*,hago
369,*,para
370,acc,pagar
371,tpc,recibo
372,-,-
373,-,-
374,-,-
375,-,-
376,-,-
377,-,-
378,*,Como
379,*,hago
380,*,para
381,acc,enviar
382,tpc,deposito
383,-,-
384,-,-
385,-,-
386,-,-
387,-,-
388,-,-
389,*,Como
390,*,hago
391,*,para
392,acc,recibir
393,tpc,deposito
394,-,-
395,-,-
396,-,-
397,-,-
398,-,-
399,-,-
400,*,Como
401,*,hago
402,*,para
403,acc,obtener
404,acc,exitosamente
405,tpc,deposito
406,-,-
407,-,-
408,-,-
409,-,-
410,-,-
411,-,-
412,*,Como
413,*,hago
414,*,para
415,acc,cancelar
416,tpc,deposito
417,-,-
418,-,-
419,-,-
420,-,-
421,-,-
422,-,-
423,*,Como
424,*,hago
425,*,para
426,acc,pagar
427,tpc,deposito
428,-,-
429,-,-
430,-,-
431,-,-
432,-,-
433,-,-
434,*,Como
435,*,hago
436,*,para
437,acc,enviar
438,tpc,beneficiario
439,-,-
440,-,-
441,-,-
442,-,-
443,-,-
444,-,-
445,*,Como
446,*,hago
447,*,para
448,acc,recibir
449,tpc,beneficiario
450,-,-
451,-,-
452,-,-
453,-,-
454,-,-
455,-,-
456,*,Como
457,*,hago
458,*,para
459,acc,obtener
460,acc,exitosamente
461,tpc,beneficiario
462,-,-
463,-,-
464,-,-
465,-,-
466,-,-
467,-,-
468,*,Como
469,*,hago
470,*,para
471,acc,cancelar
472,tpc,beneficiario
473,-,-
474,-,-
475,-,-
476,-,-
477,-,-
478,-,-
479,*,Como
480,*,hago
481,*,para
482,acc,pagar
483,tpc,beneficiario
484,-,-
485,-,-
486,-,-
487,-,-
488,-,-
489,-,-
490,*,Como
491,*,hago
492,*,para
493,acc,enviar
494,tpc,cuenta
495,-,-
496,-,-
497,-,-
498,-,-
499,-,-
500,-,-
501,*,Como
502,*,hago
503,*,para
504,acc,recibir
505,tpc,cuenta
506,-,-
507,-,-
508,-,-
509,-,-
510,-,-
511,-,-
512,*,Como
513,*,hago
514,*,para
515,acc,obtener
516,acc,exitosamente
517,tpc,cuenta
518,-,-
519,-,-
520,-,-
521,-,-
522,-,-
523,-,-
524,*,Como
525,*,hago
526,*,para
527,acc,cancelar
528,tpc,cuenta
529,-,-
530,-,-
531,-,-
532,-,-
533,-,-
534,-,-
535,*,Como
536,*,hago
537,*,para
538,acc,pagar
539,tpc,cuenta
540,-,-
541,-,-
542,-,-
543,-,-
544,-,-
545,-,-
546,*,Como
547,*,hago
548,*,para
549,acc,enviar
550,tpc,cuenta
551,tpc,compartida
552,-,-
553,-,-
554,-,-
555,-,-
556,-,-
557,-,-
558,*,Como
559,*,hago
560,*,para
561,acc,recibir
562,tpc,cuenta
563,tpc,compartida
564,-,-
565,-,-
566,-,-
567,-,-
568,-,-
569,-,-
570,*,Como
571,*,hago
572,*,para
573,acc,obtener
574,acc,exitosamente
575,tpc,cuenta
576,tpc,compartida
577,-,-
578,-,-
579,-,-
580,-,-
581,-,-
582,-,-
583,*,Como
584,*,hago
585,*,para
586,acc,cancelar
587,tpc,cuenta
588,tpc,compartida
589,-,-
590,-,-
591,-,-
592,-,-
593,-,-
594,-,-
595,*,Como
596,*,hago
597,*,para
598,acc,pagar
599,tpc,cuenta
600,tpc,compartida
601,-,-
602,-,-
603,-,-
604,-,-
605,-,-
606,-,-
607,*,Como
608,*,hago
609,*,para
610,acc,enviar
611,uns,un
612,tpc,dinero
613,-,-
614,-,-
615,-,-
616,-,-
617,-,-
618,-,-
619,*,Como
620,*,hago
621,*,para
622,acc,enviar
623,uns,una
624,tpc,dinero
625,-,-
626,-,-
627,-,-
628,-,-
629,-,-
630,-,-
631,*,Como
632,*,hago
633,*,para
634,acc,enviar
635,uns,uno
636,tpc,dinero
637,-,-
638,-,-
639,-,-
640,-,-
641,-,-
642,-,-
643,*,Como
644,*,hago
645,*,para
646,acc,recibir
647,uns,un
648,tpc,dinero
649,-,-
650,-,-
651,-,-
652,-,-
653,-,-
654,-,-
655,*,Como
656,*,hago
657,*,para
658,acc,recibir
659,uns,una
660,tpc,dinero
661,-,-
662,-,-
663,-,-
664,-,-
665,-,-
666,-,-
667,*,Como
668,*,hago
669,*,para
670,acc,recibir
671,uns,uno
672,tpc,dinero
673,-,-
674,-,-
675,-,-
676,-,-
677,-,-
678,-,-
679,*,Como
680,*,hago
681,*,para
682,acc,obtener
683,acc,exitosamente
684,uns,un
685,tpc,dinero
686,-,-
687,-,-
688,-,-
689,-,-
690,-,-
691,-,-
692,*,Como
693,*,hago
694,*,para
695,acc,obtener
696,acc,exitosamente
697,uns,una
698,tpc,dinero
699,-,-
700,-,-
701,-,-
702,-,-
703,-,-
704,-,-
705,*,Como
706,*,hago
707,*,para
708,acc,obtener
709,acc,exitosamente
710,uns,uno
711,tpc,dinero
712,-,-
713,-,-
714,-,-
715,-,-
716,-,-
717,-,-
718,*,Como
719,*,hago
720,*,para
721,acc,cancelar
722,uns,un
723,tpc,dinero
724,-,-
725,-,-
726,-,-
727,-,-
728,-,-
729,-,-
730,*,Como
731,*,hago
732,*,para
733,acc,cancelar
734,uns,una
735,tpc,dinero
736,-,-
737,-,-
738,-,-
739,-,-
740,-,-
741,-,-
742,*,Como
743,*,hago
744,*,para
745,acc,cancelar
746,uns,uno
747,tpc,dinero
748,-,-
749,-,-
750,-,-
751,-,-
752,-,-
753,-,-
754,*,Como
755,*,hago
756,*,para
757,acc,pagar
758,uns,un
759,tpc,dinero
760,-,-
761,-,-
762,-,-
763,-,-
764,-,-
765,-,-
766,*,Como
767,*,hago
768,*,para
769,acc,pagar
770,uns,una
771,tpc,dinero
772,-,-
773,-,-
774,-,-
775,-,-
776,-,-
777,-,-
778,*,Como
779,*,hago
780,*,para
781,acc,pagar
782,uns,uno
783,tpc,dinero
784,-,-
785,-,-
786,-,-
787,-,-
788,-,-
789,-,-
790,*,Como
791,*,hago
792,*,para
793,acc,enviar
794,uns,un
795,tpc,dinero
796,tpc,sucio
797,-,-
798,-,-
799,-,-
800,-,-
801,-,-
802,-,-
803,*,Como
804,*,hago
805,*,para
806,acc,enviar
807,uns,una
808,tpc,dinero
809,tpc,sucio
810,-,-
811,-,-
812,-,-
813,-,-
814,-,-
815,-,-
816,*,Como
817,*,hago
818,*,para
819,acc,enviar
820,uns,uno
821,tpc,dinero
822,tpc,sucio
823,-,-
824,-,-
825,-,-
826,-,-
827,-,-
828,-,-
829,*,Como
830,*,hago
831,*,para
832,acc,recibir
833,uns,un
834,tpc,dinero
835,tpc,sucio
836,-,-
837,-,-
838,-,-
839,-,-
840,-,-
841,-,-
842,*,Como
843,*,hago
844,*,para
845,acc,recibir
846,uns,una
847,tpc,dinero
848,tpc,sucio
849,-,-
850,-,-
851,-,-
852,-,-
853,-,-
854,-,-
855,*,Como
856,*,hago
857,*,para
858,acc,recibir
859,uns,uno
860,tpc,dinero
861,tpc,sucio
862,-,-
863,-,-
864,-,-
865,-,-
866,-,-
867,-,-
868,*,Como
869,*,hago
870,*,para
871,acc,obtener
872,acc,exitosamente
873,uns,un
874,tpc,dinero
875,tpc,sucio
876,-,-
877,-,-
878,-,-
879,-,-
880,-,-
881,-,-
882,*,Como
883,*,hago
884,*,para
885,acc,obtener
886,acc,exitosamente
887,uns,una
888,tpc,dinero
889,tpc,sucio
890,-,-
891,-,-
892,-,-
893,-,-
894,-,-
895,-,-
896,*,Como
897,*,hago
898,*,para
899,acc,obtener
900,acc,exitosamente
901,uns,uno
902,tpc,dinero
903,tpc,sucio
904,-,-
905,-,-
906,-,-
907,-,-
908,-,-
909,-,-
910,*,Como
911,*,hago
912,*,para
913,acc,cancelar
914,uns,un
915,tpc,dinero
916,tpc,sucio
917,-,-
918,-,-
919,-,-
920,-,-
921,-,-
922,-,-
923,*,Como
924,*,hago
925,*,para
926,acc,cancelar
927,uns,una
928,tpc,dinero
929,tpc,sucio
930,-,-
931,-,-
932,-,-
933,-,-
934,-,-
935,-,-
936,*,Como
937,*,hago
938,*,para
939,acc,cancelar
940,uns,uno
941,tpc,dinero
942,tpc,sucio
943,-,-
944,-,-
945,-,-
946,-,-
947,-,-
948,-,-
949,*,Como
950,*,hago
951,*,para
952,acc,pagar
953,uns,un
954,tpc,dinero
955,tpc,sucio
956,-,-
957,-,-
958,-,-
959,-,-
960,-,-
961,-,-
962,*,Como
963,*,hago
964,*,para
965,acc,pagar
966,uns,una
967,tpc,dinero
968,tpc,sucio
969,-,-
970,-,-
971,-,-
972,-,-
973,-,-
974,-,-
975,*,Como
976,*,hago
977,*,para
978,acc,pagar
979,uns,uno
980,tpc,dinero
981,tpc,sucio
982,-,-
983,-,-
984,-,-
985,-,-
986,-,-
987,-,-
988,*,Como
989,*,hago
990,*,para
991,acc,enviar
992,uns,un
993,tpc,recibo
994,-,-
995,-,-
996,-,-
997,-,-
998,-,-
999,-,-
1000,*,Como
1001,*,hago
1002,*,para
1003,acc,enviar
1004,uns,una
1005,tpc,recibo
1006,-,-
1007,-,-
1008,-,-
1009,-,-
1010,-,-
1011,-,-
1012,*,Como
1013,*,hago
1014,*,para
1015,acc,enviar
1016,uns,uno
1017,tpc,recibo
1018,-,-
1019,-,-
1020,-,-
1021,-,-
1022,-,-
1023,-,-
1024,*,Como
1025,*,hago
1026,*,para
1027,acc,recibir
1028,uns,un
1029,tpc,recibo
1030,-,-
1031,-,-
1032,-,-
1033,-,-
1034,-,-
1035,-,-
1036,*,Como
1037,*,hago
1038,*,para
1039,acc,recibir
1040,uns,una
1041,tpc,recibo
1042,-,-
1043,-,-
1044,-,-
1045,-,-
1046,-,-
1047,-,-
1048,*,Como
1049,*,hago
1050,*,para
1051,acc,recibir
1052,uns,uno
1053,tpc,recibo
1054,-,-
1055,-,-
1056,-,-
1057,-,-
1058,-,-
1059,-,-
1060,*,Como
1061,*,hago
1062,*,para
1063,acc,obtener
1064,acc,exitosamente
1065,uns,un
1066,tpc,recibo
1067,-,-
1068,-,-
1069,-,-
1070,-,-
1071,-,-
1072,-,-
1073,*,Como
1074,*,hago
1075,*,para
1076,acc,obtener
1077,acc,exitosamente
1078,uns,una
1079,tpc,recibo
1080,-,-
1081,-,-
1082,-,-
1083,-,-
1084,-,-
1085,-,-
1086,*,Como
1087,*,hago
1088,*,para
1089,acc,obtener
1090,acc,exitosamente
1091,uns,uno
1092,tpc,recibo
1093,-,-
1094,-,-
1095,-,-
1096,-,-
1097,-,-
1098,-,-
1099,*,Como
1100,*,hago
1101,*,para
1102,acc,cancelar
1103,uns,un
1104,tpc,recibo
1105,-,-
1106,-,-
1107,-,-
1108,-,-
1109,-,-
1110,-,-
1111,*,Como
1112,*,hago
1113,*,para
1114,acc,cancelar
1115,uns,una
1116,tpc,recibo
1117,-,-
1118,-,-
1119,-,-
1120,-,-
1121,-,-
1122,-,-
1123,*,Como
1124,*,hago
1125,*,para
1126,acc,cancelar
1127,uns,uno
1128,tpc,recibo
1129,-,-
1130,-,-
1131,-,-
1132,-,-
1133,-,-
1134,-,-
1135,*,Como
1136,*,hago
1137,*,para
1138,acc,pagar
1139,uns,un
1140,tpc,recibo
1141,-,-
1142,-,-
1143,-,-
1144,-,-
1145,-,-
1146,-,-
1147,*,Como
1148,*,hago
1149,*,para
1150,acc,pagar
1151,uns,una
1152,tpc,recibo
1153,-,-
1154,-,-
1155,-,-
1156,-,-
1157,-,-
1158,-,-
1159,*,Como
1160,*,hago
1161,*,para
1162,acc,pagar
1163,uns,uno
1164,tpc,recibo
1165,-,-
1166,-,-
1167,-,-
1168,-,-
1169,-,-
1170,-,-
1171,*,Como
1172,*,hago
1173,*,para
1174,acc,enviar
1175,uns,un
1176,tpc,deposito
1177,-,-
1178,-,-
1179,-,-
1180,-,-
1181,-,-
1182,-,-
1183,*,Como
1184,*,hago
1185,*,para
1186,acc,enviar
1187,uns,una
1188,tpc,deposito
1189,-,-
1190,-,-
1191,-,-
1192,-,-
1193,-,-
1194,-,-
1195,*,Como
1196,*,hago
1197,*,para
1198,acc,enviar
1199,uns,uno
1200,tpc,deposito
1201,-,-
1202,-,-
1203,-,-
1204,-,-
1205,-,-
1206,-,-
1207,*,Como
1208,*,hago
1209,*,para
1210,acc,recibir
1211,uns,un
1212,tpc,deposito
1213,-,-
1214,-,-
1215,-,-
1216,-,-
1217,-,-
1218,-,-
1219,*,Como
1220,*,hago
1221,*,para
1222,acc,recibir
1223,uns,una
1224,tpc,deposito
1225,-,-
1226,-,-
1227,-,-
1228,-,-
1229,-,-
1230,-,-
1231,*,Como
1232,*,hago
1233,*,para
1234,acc,recibir
1235,uns,uno
1236,tpc,deposito
1237,-,-
1238,-,-
1239,-,-
1240,-,-
1241,-,-
1242,-,-
1243,*,Como
1244,*,hago
1245,*,para
1246,acc,obtener
1247,acc,exitosamente
1248,uns,un
1249,tpc,deposito
1250,-,-
1251,-,-
1252,-,-
1253,-,-
1254,-,-
1255,-,-
1256,*,Como
1257,*,hago
1258,*,para
1259,acc,obtener
1260,acc,exitosamente
1261,uns,una
1262,tpc,deposito
1263,-,-
1264,-,-
1265,-,-
1266,-,-
1267,-,-
1268,-,-
1269,*,Como
1270,*,hago
1271,*,para
1272,acc,obtener
1273,acc,exitosamente
1274,uns,uno
1275,tpc,deposito
1276,-,-
1277,-,-
1278,-,-
1279,-,-
1280,-,-
1281,-,-
1282,*,Como
1283,*,hago
1284,*,para
1285,acc,cancelar
1286,uns,un
1287,tpc,deposito
1288,-,-
1289,-,-
1290,-,-
1291,-,-
1292,-,-
1293,-,-
1294,*,Como
1295,*,hago
1296,*,para
1297,acc,cancelar
1298,uns,una
1299,tpc,deposito
1300,-,-
1301,-,-
1302,-,-
1303,-,-
1304,-,-
1305,-,-
1306,*,Como
1307,*,hago
1308,*,para
1309,acc,cancelar
1310,uns,uno
1311,tpc,deposito
1312,-,-
1313,-,-
1314,-,-
1315,-,-
1316,-,-
1317,-,-
1318,*,Como
1319,*,hago
1320,*,para
1321,acc,pagar
1322,uns,un
1323,tpc,deposito
1324,-,-
1325,-,-
1326,-,-
1327,-,-
1328,-,-
1329,-,-
1330,*,Como
1331,*,hago
1332,*,para
1333,acc,pagar
1334,uns,una
1335,tpc,deposito
1336,-,-
1337,-,-
1338,-,-
1339,-,-
1340,-,-
1341,-,-
1342,*,Como
1343,*,hago
1344,*,para
1345,acc,pagar
1346,uns,uno
1347,tpc,deposito
1348,-,-
1349,-,-
1350,-,-
1351,-,-
1352,-,-
1353,-,-
1354,*,Como
1355,*,hago
1356,*,para
1357,acc,enviar
1358,uns,un
1359,tpc,beneficiario
1360,-,-
1361,-,-
1362,-,-
1363,-,-
1364,-,-
1365,-,-
1366,*,Como
1367,*,hago
1368,*,para
1369,acc,enviar
1370,uns,una
1371,tpc,beneficiario
1372,-,-
1373,-,-
1374,-,-
1375,-,-
1376,-,-
1377,-,-
1378,*,Como
1379,*,hago
1380,*,para
1381,acc,enviar
1382,uns,uno
1383,tpc,beneficiario
1384,-,-
1385,-,-
1386,-,-
1387,-,-
1388,-,-
1389,-,-
1390,*,Como
1391,*,hago
1392,*,para
1393,acc,recibir
1394,uns,un
1395,tpc,beneficiario
1396,-,-
1397,-,-
1398,-,-
1399,-,-
1400,-,-
1401,-,-
1402,*,Como
1403,*,hago
1404,*,para
1405,acc,recibir
1406,uns,una
1407,tpc,beneficiario
1408,-,-
1409,-,-
1410,-,-
1411,-,-
1412,-,-
1413,-,-
1414,*,Como
1415,*,hago
1416,*,para
1417,acc,recibir
1418,uns,uno
1419,tpc,beneficiario
1420,-,-
1421,-,-
1422,-,-
1423,-,-
1424,-,-
1425,-,-
1426,*,Como
1427,*,hago
1428,*,para
1429,acc,obtener
1430,acc,exitosamente
1431,uns,un
1432,tpc,beneficiario
1433,-,-
1434,-,-
1435,-,-
1436,-,-
1437,-,-
1438,-,-
1439,*,Como
1440,*,hago
1441,*,para
1442,acc,obtener
1443,acc,exitosamente
1444,uns,una
1445,tpc,beneficiario
1446,-,-
1447,-,-
1448,-,-
1449,-,-
1450,-,-
1451,-,-
1452,*,Como
1453,*,hago
1454,*,para
1455,acc,obtener
1456,acc,exitosamente
1457,uns,uno
1458,tpc,beneficiario
1459,-,-
1460,-,-
1461,-,-
1462,-,-
1463,-,-
1464,-,-
1465,*,Como
1466,*,hago
1467,*,para
1468,acc,cancelar
1469,uns,un
1470,tpc,beneficiario
1471,-,-
1472,-,-
1473,-,-
1474,-,-
1475,-,-
1476,-,-
1477,*,Como
1478,*,hago
1479,*,para
1480,acc,cancelar
1481,uns,una
1482,tpc,beneficiario
1483,-,-
1484,-,-
1485,-,-
1486,-,-
1487,-,-
1488,-,-
1489,*,Como
1490,*,hago
1491,*,para
1492,acc,cancelar
1493,uns,uno
1494,tpc,beneficiario
1495,-,-
1496,-,-
1497,-,-
1498,-,-
1499,-,-
1500,-,-
1501,*,Como
1502,*,hago
1503,*,para
1504,acc,pagar
1505,uns,un
1506,tpc,beneficiario
1507,-,-
1508,-,-
1509,-,-
1510,-,-
1511,-,-
1512,-,-
1513,*,Como
1514,*,hago
1515,*,para
1516,acc,pagar
1517,uns,una
1518,tpc,beneficiario
1519,-,-
1520,-,-
1521,-,-
1522,-,-
1523,-,-
1524,-,-
1525,*,Como
1526,*,hago
1527,*,para
1528,acc,pagar
1529,uns,uno
1530,tpc,beneficiario
1531,-,-
1532,-,-
1533,-,-
1534,-,-
1535,-,-
1536,-,-
1537,*,Como
1538,*,hago
1539,*,para
1540,acc,enviar
1541,uns,un
1542,tpc,cuenta
1543,-,-
1544,-,-
1545,-,-
1546,-,-
1547,-,-
1548,-,-
1549,*,Como
1550,*,hago
1551,*,para
1552,acc,enviar
1553,uns,una
1554,tpc,cuenta
1555,-,-
1556,-,-
1557,-,-
1558,-,-
1559,-,-
1560,-,-
1561,*,Como
1562,*,hago
1563,*,para
1564,acc,enviar
1565,uns,uno
1566,tpc,cuenta
1567,-,-
1568,-,-
1569,-,-
1570,-,-
1571,-,-
1572,-,-
1573,*,Como
1574,*,hago
1575,*,para
1576,acc,recibir
1577,uns,un
1578,tpc,cuenta
1579,-,-
1580,-,-
1581,-,-
1582,-,-
1583,-,-
1584,-,-
1585,*,Como
1586,*,hago
1587,*,para
1588,acc,recibir
1589,uns,una
1590,tpc,cuenta
1591,-,-
1592,-,-
1593,-,-
1594,-,-
1595,-,-
1596,-,-
1597,*,Como
1598,*,hago
1599,*,para
1600,acc,recibir
1601,uns,uno
1602,tpc,cuenta
1603,-,-
1604,-,-
1605,-,-
1606,-,-
1607,-,-
1608,-,-
1609,*,Como
1610,*,hago
1611,*,para
1612,acc,obtener
1613,acc,exitosamente
1614,uns,un
1615,tpc,cuenta
1616,-,-
1617,-,-
1618,-,-
1619,-,-
1620,-,-
1621,-,-
1622,*,Como
1623,*,hago
1624,*,para
1625,acc,obtener
1626,acc,exitosamente
1627,uns,una
1628,tpc,cuenta
1629,-,-
1630,-,-
1631,-,-
1632,-,-
1633,-,-
1634,-,-
1635,*,Como
1636,*,hago
1637,*,para
1638,acc,obtener
1639,acc,exitosamente
1640,uns,uno
1641,tpc,cuenta
1642,-,-
1643,-,-
1644,-,-
1645,-,-
1646,-,-
1647,-,-
1648,*,Como
1649,*,hago
1650,*,para
1651,acc,cancelar
1652,uns,un
1653,tpc,cuenta
1654,-,-
1655,-,-
1656,-,-
1657,-,-
1658,-,-
1659,-,-
1660,*,Como
1661,*,hago
1662,*,para
1663,acc,cancelar
1664,uns,una
1665,tpc,cuenta
1666,-,-
1667,-,-
1668,-,-
1669,-,-
1670,-,-
1671,-,-
1672,*,Como
1673,*,hago
1674,*,para
1675,acc,cancelar
1676,uns,uno
1677,tpc,cuenta
1678,-,-
1679,-,-
1680,-,-
1681,-,-
1682,-,-
1683,-,-
1684,*,Como
1685,*,hago
1686,*,para
1687,acc,pagar
1688,uns,un
1689,tpc,cuenta
1690,-,-
1691,-,-
1692,-,-
1693,-,-
1694,-,-
1695,-,-
1696,*,Como
1697,*,hago
1698,*,para
1699,acc,pagar
1700,uns,una
1701,tpc,cuenta
1702,-,-
1703,-,-
1704,-,-
1705,-,-
1706,-,-
1707,-,-
1708,*,Como
1709,*,hago
1710,*,para
1711,acc,pagar
1712,uns,uno
1713,tpc,cuenta
1714,-,-
1715,-,-
1716,-,-
1717,-,-
1718,-,-
1719,-,-
1720,*,Como
1721,*,hago
1722,*,para
1723,acc,enviar
1724,uns,un
1725,tpc,cuenta
1726,tpc,compartida
1727,-,-
1728,-,-
1729,-,-
1730,-,-
1731,-,-
1732,-,-
1733,*,Como
1734,*,hago
1735,*,para
1736,acc,enviar
1737,uns,una
1738,tpc,cuenta
1739,tpc,compartida
1740,-,-
1741,-,-
1742,-,-
1743,-,-
1744,-,-
1745,-,-
1746,*,Como
1747,*,hago
1748,*,para
1749,acc,enviar
1750,uns,uno
1751,tpc,cuenta
1752,tpc,compartida
1753,-,-
1754,-,-
1755,-,-
1756,-,-
1757,-,-
1758,-,-
1759,*,Como
1760,*,hago
1761,*,para
1762,acc,recibir
1763,uns,un
1764,tpc,cuenta
1765,tpc,compartida
1766,-,-
1767,-,-
1768,-,-
1769,-,-
1770,-,-
1771,-,-
1772,*,Como
1773,*,hago
1774,*,para
1775,acc,recibir
1776,uns,una
1777,tpc,cuenta
1778,tpc,compartida
1779,-,-
1780,-,-
1781,-,-
1782,-,-
1783,-,-
1784,-,-
1785,*,Como
1786,*,hago
1787,*,para
1788,acc,recibir
1789,uns,uno
1790,tpc,cuenta
1791,tpc,compartida
1792,-,-
1793,-,-
1794,-,-
1795,-,-
1796,-,-
1797,-,-
1798,*,Como
1799,*,hago
1800,*,para
1801,acc,obtener
1802,acc,exitosamente
1803,uns,un
1804,tpc,cuenta
1805,tpc,compartida
1806,-,-
1807,-,-
1808,-,-
1809,-,-
1810,-,-
1811,-,-
1812,*,Como
1813,*,hago
1814,*,para
1815,acc,obtener
1816,acc,exitosamente
1817,uns,una
1818,tpc,cuenta
1819,tpc,compartida
1820,-,-
1821,-,-
1822,-,-
1823,-,-
1824,-,-
1825,-,-
1826,*,Como
1827,*,hago
1828,*,para
1829,acc,obtener
1830,acc,exitosamente
1831,uns,uno
1832,tpc,cuenta
1833,tpc,compartida
1834,-,-
1835,-,-
1836,-,-
1837,-,-
1838,-,-
1839,-,-
1840,*,Como
1841,*,hago
1842,*,para
1843,acc,cancelar
1844,uns,un
1845,tpc,cuenta
1846,tpc,compartida
1847,-,-
1848,-,-
1849,-,-
1850,-,-
1851,-,-
1852,-,-
1853,*,Como
1854,*,hago
1855,*,para
1856,acc,cancelar
1857,uns,una
1858,tpc,cuenta
1859,tpc,compartida
1860,-,-
1861,-,-
1862,-,-
1863,-,-
1864,-,-
1865,-,-
1866,*,Como
1867,*,hago
1868,*,para
1869,acc,cancelar
1870,uns,uno
1871,tpc,cuenta
1872,tpc,compartida
1873,-,-
1874,-,-
1875,-,-
1876,-,-
1877,-,-
1878,-,-
1879,*,Como
1880,*,hago
1881,*,para
1882,acc,pagar
1883,uns,un
1884,tpc,cuenta
1885,tpc,compartida
1886,-,-
1887,-,-
1888,-,-
1889,-,-
1890,-,-
1891,-,-
1892,*,Como
1893,*,hago
1894,*,para
1895,acc,pagar
1896,uns,una
1897,tpc,cuenta
1898,tpc,compartida
1899,-,-
1900,-,-
1901,-,-
1902,-,-
1903,-,-
1904,-,-
1905,*,Como
1906,*,hago
1907,*,para
1908,acc,pagar
1909,uns,uno
1910,tpc,cuenta
1911,tpc,compartida
1912,-,-
1913,-,-
1914,-,-
1915,-,-
1916,-,-
1917,-,-
1918,*,Como
1919,*,le
1920,*,hago
1921,*,para
1922,acc,enviar
1923,-,-
1924,-,-
1925,-,-
1926,-,-
1927,-,-
1928,-,-
1929,*,Como
1930,*,le
1931,*,hago
1932,*,para
1933,acc,recibir
1934,-,-
1935,-,-
1936,-,-
1937,-,-
1938,-,-
1939,-,-
1940,*,Como
1941,*,le
1942,*,hago
1943,*,para
1944,acc,obtener
1945,acc,exitosamente
1946,-,-
1947,-,-
1948,-,-
1949,-,-
1950,-,-
1951,-,-
1952,*,Como
1953,*,le
1954,*,hago
1955,*,para
1956,acc,cancelar
1957,-,-
1958,-,-
1959,-,-
1960,-,-
1961,-,-
1962,-,-
1963,*,Como
1964,*,le
1965,*,hago
1966,*,para
1967,acc,pagar
1968,-,-
1969,-,-
1970,-,-
1971,-,-
1972,-,-
1973,-,-
1974,*,Como
1975,*,le
1976,*,hago
1977,*,para
1978,acc,enviar
1979,tpc,dinero
1980,-,-
1981,-,-
1982,-,-
1983,-,-
1984,-,-
1985,-,-
1986,*,Como
1987,*,le
1988,*,hago
1989,*,para
1990,acc,recibir
1991,tpc,dinero
1992,-,-
1993,-,-
1994,-,-
1995,-,-
1996,-,-
1997,-,-
1998,*,Como
1999,*,le
2000,*,hago
2001,*,para
2002,acc,obtener
2003,acc,exitosamente
2004,tpc,dinero
2005,-,-
2006,-,-
2007,-,-
2008,-,-
2009,-,-
2010,-,-
2011,*,Como
2012,*,le
2013,*,hago
2014,*,para
2015,acc,cancelar
2016,tpc,dinero
2017,-,-
2018,-,-
2019,-,-
2020,-,-
2021,-,-
2022,-,-
2023,*,Como
2024,*,le
2025,*,hago
2026,*,para
2027,acc,pagar
2028,tpc,dinero
2029,-,-
2030,-,-
2031,-,-
2032,-,-
2033,-,-
2034,-,-
2035,*,Como
2036,*,le
2037,*,hago
2038,*,para
2039,acc,enviar
2040,tpc,dinero
2041,tpc,sucio
2042,-,-
2043,-,-
2044,-,-
2045,-,-
2046,-,-
2047,-,-
2048,*,Como
2049,*,le
2050,*,hago
2051,*,para
2052,acc,recibir
2053,tpc,dinero
2054,tpc,sucio
2055,-,-
2056,-,-
2057,-,-
2058,-,-
2059,-,-
2060,-,-
2061,*,Como
2062,*,le
2063,*,hago
2064,*,para
2065,acc,obtener
2066,acc,exitosamente
2067,tpc,dinero
2068,tpc,sucio
2069,-,-
2070,-,-
2071,-,-
2072,-,-
2073,-,-
2074,-,-
2075,*,Como
2076,*,le
2077,*,hago
2078,*,para
2079,acc,cancelar
2080,tpc,dinero
2081,tpc,sucio
2082,-,-
2083,-,-
2084,-,-
2085,-,-
2086,-,-
2087,-,-
2088,*,Como
2089,*,le
2090,*,hago
2091,*,para
2092,acc,pagar
2093,tpc,dinero
2094,tpc,sucio
2095,-,-
2096,-,-
2097,-,-
2098,-,-
2099,-,-
2100,-,-
2101,*,Como
2102,*,le
2103,*,hago
2104,*,para
2105,acc,enviar
2106,tpc,recibo
2107,-,-
2108,-,-
2109,-,-
2110,-,-
2111,-,-
2112,-,-
2113,*,Como
2114,*,le
2115,*,hago
2116,*,para
2117,acc,recibir
2118,tpc,recibo
2119,-,-
2120,-,-
2121,-,-
2122,-,-
2123,-,-
2124,-,-
2125,*,Como
2126,*,le
2127,*,hago
2128,*,para
2129,acc,obtener
2130,acc,exitosamente
2131,tpc,recibo
2132,-,-
2133,-,-
2134,-,-
2135,-,-
2136,-,-
2137,-,-
2138,*,Como
2139,*,le
2140,*,hago
2141,*,para
2142,acc,cancelar
2143,tpc,recibo
2144,-,-
2145,-,-
2146,-,-
2147,-,-
2148,-,-
2149,-,-
2150,*,Como
2151,*,le
2152,*,hago
2153,*,para
2154,acc,pagar
2155,tpc,recibo
2156,-,-
2157,-,-
2158,-,-
2159,-,-
2160,-,-
2161,-,-
2162,*,Como
2163,*,le
2164,*,hago
2165,*,para
2166,acc,enviar
2167,tpc,deposito
2168,-,-
2169,-,-
2170,-,-
2171,-,-
2172,-,-
2173,-,-
2174,*,Como
2175,*,le
2176,*,hago
2177,*,para
2178,acc,recibir
2179,tpc,deposito
2180,-,-
2181,-,-
2182,-,-
2183,-,-
2184,-,-
2185,-,-
2186,*,Como
2187,*,le
2188,*,hago
2189,*,para
2190,acc,obtener
2191,acc,exitosamente
2192,tpc,deposito
2193,-,-
2194,-,-
2195,-,-
2196,-,-
2197,-,-
2198,-,-
2199,*,Como
2200,*,le
2201,*,hago
2202,*,para
2203,acc,cancelar
2204,tpc,deposito
2205,-,-
2206,-,-
2207,-,-
2208,-,-
2209,-,-
2210,-,-
2211,*,Como
2212,*,le
2213,*,hago
2214,*,para
2215,acc,pagar
2216,tpc,deposito
2217,-,-
2218,-,-
2219,-,-
2220,-,-
2221,-,-
2222,-,-
2223,*,Como
2224,*,le
2225,*,hago
2226,*,para
2227,acc,enviar
2228,tpc,beneficiario
2229,-,-
2230,-,-
2231,-,-
2232,-,-
2233,-,-
2234,-,-
2235,*,Como
2236,*,le
2237,*,hago
2238,*,para
2239,acc,recibir
2240,tpc,beneficiario
2241,-,-
2242,-,-
2243,-,-
2244,-,-
2245,-,-
2246,-,-
2247,*,Como
2248,*,le
2249,*,hago
2250,*,para
2251,acc,obtener
2252,acc,exitosamente
2253,tpc,beneficiario
2254,-,-
2255,-,-
2256,-,-
2257,-,-
2258,-,-
2259,-,-
2260,*,Como
2261,*,le
2262,*,hago
2263,*,para
2264,acc,cancelar
2265,tpc,beneficiario
2266,-,-
2267,-,-
2268,-,-
2269,-,-
2270,-,-
2271,-,-
2272,*,Como
2273,*,le
2274,*,hago
2275,*,para
2276,acc,pagar
2277,tpc,beneficiario
2278,-,-
2279,-,-
2280,-,-
2281,-,-
2282,-,-
2283,-,-
2284,*,Como
2285,*,le
2286,*,hago
2287,*,para
2288,acc,enviar
2289,tpc,cuenta
2290,-,-
2291,-,-
2292,-,-
2293,-,-
2294,-,-
2295,-,-
2296,*,Como
2297,*,le
2298,*,hago
2299,*,para
2300,acc,recibir
2301,tpc,cuenta
2302,-,-
2303,-,-
2304,-,-
2305,-,-
2306,-,-
2307,-,-
2308,*,Como
2309,*,le
2310,*,hago
2311,*,para
2312,acc,obtener
2313,acc,exitosamente
2314,tpc,cuenta
2315,-,-
2316,-,-
2317,-,-
2318,-,-
2319,-,-
2320,-,-
2321,*,Como
2322,*,le
2323,*,hago
2324,*,para
2325,acc,cancelar
2326,tpc,cuenta
2327,-,-
2328,-,-
2329,-,-
2330,-,-
2331,-,-
2332,-,-
2333,*,Como
2334,*,le
2335,*,hago
2336,*,para
2337,acc,pagar
2338,tpc,cuenta
2339,-,-
2340,-,-
2341,-,-
2342,-,-
2343,-,-
2344,-,-
2345,*,Como
2346,*,le
2347,*,hago
2348,*,para
2349,acc,enviar
2350,tpc,cuenta
2351,tpc,compartida
2352,-,-
2353,-,-
2354,-,-
2355,-,-
2356,-,-
2357,-,-
2358,*,Como
2359,*,le
2360,*,hago
2361,*,para
2362,acc,recibir
2363,tpc,cuenta
2364,tpc,compartida
2365,-,-
2366,-,-
2367,-,-
2368,-,-
2369,-,-
2370,-,-
2371,*,Como
2372,*,le
2373,*,hago
2374,*,para
2375,acc,obtener
2376,acc,exitosamente
2377,tpc,cuenta
2378,tpc,compartida
2379,-,-
2380,-,-
2381,-,-
2382,-,-
2383,-,-
2384,-,-
2385,*,Como
2386,*,le
2387,*,hago
2388,*,para
2389,acc,cancelar
2390,tpc,cuenta
2391,tpc,compartida
2392,-,-
2393,-,-
2394,-,-
2395,-,-
2396,-,-
2397,-,-
2398,*,Como
2399,*,le
2400,*,hago
2401,*,para
2402,acc,pagar
2403,tpc,cuenta
2404,tpc,compartida
2405,-,-
2406,-,-
2407,-,-
2408,-,-
2409,-,-
2410,-,-
2411,*,Como
2412,*,le
2413,*,hago
2414,*,para
2415,acc,enviar
2416,uns,un
2417,tpc,dinero
2418,-,-
2419,-,-
2420,-,-
2421,-,-
2422,-,-
2423,-,-
2424,*,Como
2425,*,le
2426,*,hago
2427,*,para
2428,acc,enviar
2429,uns,una
2430,tpc,dinero
2431,-,-
2432,-,-
2433,-,-
2434,-,-
2435,-,-
2436,-,-
2437,*,Como
2438,*,le
2439,*,hago
2440,*,para
2441,acc,enviar
2442,uns,uno
2443,tpc,dinero
2444,-,-
2445,-,-
2446,-,-
2447,-,-
2448,-,-
2449,-,-
2450,*,Como
2451,*,le
2452,*,hago
2453,*,para
2454,acc,recibir
2455,uns,un
2456,tpc,dinero
2457,-,-
2458,-,-
2459,-,-
2460,-,-
2461,-,-
2462,-,-
2463,*,Como
2464,*,le
2465,*,hago
2466,*,para
2467,acc,recibir
2468,uns,una
2469,tpc,dinero
2470,-,-
2471,-,-
2472,-,-
2473,-,-
2474,-,-
2475,-,-
2476,*,Como
2477,*,le
2478,*,hago
2479,*,para
2480,acc,recibir
2481,uns,uno
2482,tpc,dinero
2483,-,-
2484,-,-
2485,-,-
2486,-,-
2487,-,-
2488,-,-
2489,*,Como
2490,*,le
2491,*,hago
2492,*,para
2493,acc,obtener
2494,acc,exitosamente
2495,uns,un
2496,tpc,dinero
2497,-,-
2498,-,-
2499,-,-
2500,-,-
2501,-,-
2502,-,-
2503,*,Como
2504,*,le
2505,*,hago
2506,*,para
2507,acc,obtener
2508,acc,exitosamente
2509,uns,una
2510,tpc,dinero
2511,-,-
2512,-,-
2513,-,-
2514,-,-
2515,-,-
2516,-,-
2517,*,Como
2518,*,le
2519,*,hago
2520,*,para
2521,acc,obtener
2522,acc,exitosamente
2523,uns,uno
2524,tpc,dinero
2525,-,-
2526,-,-
2527,-,-
2528,-,-
2529,-,-
2530,-,-
2531,*,Como
2532,*,le
2533,*,hago
2534,*,para
2535,acc,cancelar
2536,uns,un
2537,tpc,dinero
2538,-,-
2539,-,-
2540,-,-
2541,-,-
2542,-,-
2543,-,-
2544,*,Como
2545,*,le
2546,*,hago
2547,*,para
2548,acc,cancelar
2549,uns,una
2550,tpc,dinero
2551,-,-
2552,-,-
2553,-,-
2554,-,-
2555,-,-
2556,-,-
2557,*,Como
2558,*,le
2559,*,hago
2560,*,para
2561,acc,cancelar
2562,uns,uno
2563,tpc,dinero
2564,-,-
2565,-,-
2566,-,-
2567,-,-
2568,-,-
2569,-,-
2570,*,Como
2571,*,le
2572,*,hago
2573,*,para
2574,acc,pagar
2575,uns,un
2576,tpc,dinero
2577,-,-
2578,-,-
2579,-,-
2580,-,-
2581,-,-
2582,-,-
2583,*,Como
2584,*,le
2585,*,hago
2586,*,para
2587,acc,pagar
2588,uns,una
2589,tpc,dinero
2590,-,-
2591,-,-
2592,-,-
2593,-,-
2594,-,-
2595,-,-
2596,*,Como
2597,*,le
2598,*,hago
2599,*,para
2600,acc,pagar
2601,uns,uno
2602,tpc,dinero
2603,-,-
2604,-,-
2605,-,-
2606,-,-
2607,-,-
2608,-,-
2609,*,Como
2610,*,le
2611,*,hago
2612,*,para
2613,acc,enviar
2614,uns,un
2615,tpc,dinero
2616,tpc,sucio
2617,-,-
2618,-,-
2619,-,-
2620,-,-
2621,-,-
2622,-,-
2623,*,Como
2624,*,le
2625,*,hago
2626,*,para
2627,acc,enviar
2628,uns,una
2629,tpc,dinero
2630,tpc,sucio
2631,-,-
2632,-,-
2633,-,-
2634,-,-
2635,-,-
2636,-,-
2637,*,Como
2638,*,le
2639,*,hago
2640,*,para
2641,acc,enviar
2642,uns,uno
2643,tpc,dinero
2644,tpc,sucio
2645,-,-
2646,-,-
2647,-,-
2648,-,-
2649,-,-
2650,-,-
2651,*,Como
2652,*,le
2653,*,hago
2654,*,para
2655,acc,recibir
2656,uns,un
2657,tpc,dinero
2658,tpc,sucio
2659,-,-
2660,-,-
2661,-,-
2662,-,-
2663,-,-
2664,-,-
2665,*,Como
2666,*,le
2667,*,hago
2668,*,para
2669,acc,recibir
2670,uns,una
2671,tpc,dinero
2672,tpc,sucio
2673,-,-
2674,-,-
2675,-,-
2676,-,-
2677,-,-
2678,-,-
2679,*,Como
2680,*,le
2681,*,hago
2682,*,para
2683,acc,recibir
2684,uns,uno
2685,tpc,dinero
2686,tpc,sucio
2687,-,-
2688,-,-
2689,-,-
2690,-,-
2691,-,-
2692,-,-
2693,*,Como
2694,*,le
2695,*,hago
2696,*,para
2697,acc,obtener
2698,acc,exitosamente
2699,uns,un
2700,tpc,dinero
2701,tpc,sucio
2702,-,-
2703,-,-
2704,-,-
2705,-,-
2706,-,-
2707,-,-
2708,*,Como
2709,*,le
2710,*,hago
2711,*,para
2712,acc,obtener
2713,acc,exitosamente
2714,uns,una
2715,tpc,dinero
2716,tpc,sucio
2717,-,-
2718,-,-
2719,-,-
2720,-,-
2721,-,-
2722,-,-
2723,*,Como
2724,*,le
2725,*,hago
2726,*,para
2727,acc,obtener
2728,acc,exitosamente
2729,uns,uno
2730,tpc,dinero
2731,tpc,sucio
2732,-,-
2733,-,-
2734,-,-
2735,-,-
2736,-,-
2737,-,-
2738,*,Como
2739,*,le
2740,*,hago
2741,*,para
2742,acc,cancelar
2743,uns,un
2744,tpc,dinero
2745,tpc,sucio
2746,-,-
2747,-,-
2748,-,-
2749,-,-
2750,-,-
2751,-,-
2752,*,Como
2753,*,le
2754,*,hago
2755,*,para
2756,acc,cancelar
2757,uns,una
2758,tpc,dinero
2759,tpc,sucio
2760,-,-
2761,-,-
2762,-,-
2763,-,-
2764,-,-
2765,-,-
2766,*,Como
2767,*,le
2768,*,hago
2769,*,para
2770,acc,cancelar
2771,uns,uno
2772,tpc,dinero
2773,tpc,sucio
2774,-,-
2775,-,-
2776,-,-
2777,-,-
2778,-,-
2779,-,-
2780,*,Como
2781,*,le
2782,*,hago
2783,*,para
2784,acc,pagar
2785,uns,un
2786,tpc,dinero
2787,tpc,sucio
2788,-,-
2789,-,-
2790,-,-
2791,-,-
2792,-,-
2793,-,-
2794,*,Como
2795,*,le
2796,*,hago
2797,*,para
2798,acc,pagar
2799,uns,una
2800,tpc,dinero
2801,tpc,sucio
2802,-,-
2803,-,-
2804,-,-
2805,-,-
2806,-,-
2807,-,-
2808,*,Como
2809,*,le
2810,*,hago
2811,*,para
2812,acc,pagar
2813,uns,uno
2814,tpc,dinero
2815,tpc,sucio
2816,-,-
2817,-,-
2818,-,-
2819,-,-
2820,-,-
2821,-,-
2822,*,Como
2823,*,le
2824,*,hago
2825,*,para
2826,acc,enviar
2827,uns,un
2828,tpc,recibo
2829,-,-
2830,-,-
2831,-,-
2832,-,-
2833,-,-
2834,-,-
2835,*,Como
2836,*,le
2837,*,hago
2838,*,para
2839,acc,enviar
2840,uns,una
2841,tpc,recibo
2842,-,-
2843,-,-
2844,-,-
2845,-,-
2846,-,-
2847,-,-
2848,*,Como
2849,*,le
2850,*,hago
2851,*,para
2852,acc,enviar
2853,uns,uno
2854,tpc,recibo
2855,-,-
2856,-,-
2857,-,-
2858,-,-
2859,-,-
2860,-,-
2861,*,Como
2862,*,le
2863,*,hago
2864,*,para
2865,acc,recibir
2866,uns,un
2867,tpc,recibo
2868,-,-
2869,-,-
2870,-,-
2871,-,-
2872,-,-
2873,-,-
2874,*,Como
2875,*,le
2876,*,hago
2877,*,para
2878,acc,recibir
2879,uns,una
2880,tpc,recibo
2881,-,-
2882,-,-
2883,-,-
2884,-,-
2885,-,-
2886,-,-
2887,*,Como
2888,*,le
2889,*,hago
2890,*,para
2891,acc,recibir
2892,uns,uno
2893,tpc,recibo
2894,-,-
2895,-,-
2896,-,-
2897,-,-
2898,-,-
2899,-,-
2900,*,Como
2901,*,le
2902,*,hago
2903,*,para
2904,acc,obtener
2905,acc,exitosamente
2906,uns,un
2907,tpc,recibo
2908,-,-
2909,-,-
2910,-,-
2911,-,-
2912,-,-
2913,-,-
2914,*,Como
2915,*,le
2916,*,hago
2917,*,para
2918,acc,obtener
2919,acc,exitosamente
2920,uns,una
2921,tpc,recibo
2922,-,-
2923,-,-
2924,-,-
2925,-,-
2926,-,-
2927,-,-
2928,*,Como
2929,*,le
2930,*,hago
2931,*,para
2932,acc,obtener
2933,acc,exitosamente
2934,uns,uno
2935,tpc,recibo
2936,-,-
2937,-,-
2938,-,-
2939,-,-
2940,-,-
2941,-,-
2942,*,Como
2943,*,le
2944,*,hago
2945,*,para
2946,acc,cancelar
2947,uns,un
2948,tpc,recibo
2949,-,-
2950,-,-
2951,-,-
2952,-,-
2953,-,-
2954,-,-
2955,*,Como
2956,*,le
2957,*,hago
2958,*,para
2959,acc,cancelar
2960,uns,una
2961,tpc,recibo
2962,-,-
2963,-,-
2964,-,-
2965,-,-
2966,-,-
2967,-,-
2968,*,Como
2969,*,le
2970,*,hago
2971,*,para
2972,acc,cancelar
2973,uns,uno
2974,tpc,recibo
2975,-,-
2976,-,-
2977,-,-
2978,-,-
2979,-,-
2980,-,-
2981,*,Como
2982,*,le
2983,*,hago
2984,*,para
2985,acc,pagar
2986,uns,un
2987,tpc,recibo
2988,-,-
2989,-,-
2990,-,-
2991,-,-
2992,-,-
2993,-,-
2994,*,Como
2995,*,le
2996,*,hago
2997,*,para
2998,acc,pagar
2999,uns,una
3000,tpc,recibo
3001,-,-
3002,-,-
3003,-,-
3004,-,-
3005,-,-
3006,-,-
3007,*,Como
3008,*,le
3009,*,hago
3010,*,para
3011,acc,pagar
3012,uns,uno
3013,tpc,recibo
3014,-,-
3015,-,-
3016,-,-
3017,-,-
3018,-,-
3019,-,-
3020,*,Como
3021,*,le
3022,*,hago
3023,*,para
3024,acc,enviar
3025,uns,un
3026,tpc,deposito
3027,-,-
3028,-,-
3029,-,-
3030,-,-
3031,-,-
3032,-,-
3033,*,Como
3034,*,le
3035,*,hago
3036,*,para
3037,acc,enviar
3038,uns,una
3039,tpc,deposito
3040,-,-
3041,-,-
3042,-,-
3043,-,-
3044,-,-
3045,-,-
3046,*,Como
3047,*,le
3048,*,hago
3049,*,para
3050,acc,enviar
3051,uns,uno
3052,tpc,deposito
3053,-,-
3054,-,-
3055,-,-
3056,-,-
3057,-,-
3058,-,-
3059,*,Como
3060,*,le
3061,*,hago
3062,*,para
3063,acc,recibir
3064,uns,un
3065,tpc,deposito
3066,-,-
3067,-,-
3068,-,-
3069,-,-
3070,-,-
3071,-,-
3072,*,Como
3073,*,le
3074,*,hago
3075,*,para
3076,acc,recibir
3077,uns,una
3078,tpc,deposito
3079,-,-
3080,-,-
3081,-,-
3082,-,-
3083,-,-
3084,-,-
3085,*,Como
3086,*,le
3087,*,hago
3088,*,para
3089,acc,recibir
3090,uns,uno
3091,tpc,deposito
3092,-,-
3093,-,-
3094,-,-
3095,-,-
3096,-,-
3097,-,-
3098,*,Como
3099,*,le
3100,*,hago
3101,*,para
3102,acc,obtener
3103,acc,exitosamente
3104,uns,un
3105,tpc,deposito
3106,-,-
3107,-,-
3108,-,-
3109,-,-
3110,-,-
3111,-,-
3112,*,Como
3113,*,le
3114,*,hago
3115,*,para
3116,acc,obtener
3117,acc,exitosamente
3118,uns,una
3119,tpc,deposito
3120,-,-
3121,-,-
3122,-,-
3123,-,-
3124,-,-
3125,-,-
3126,*,Como
3127,*,le
3128,*,hago
3129,*,para
3130,acc,obtener
3131,acc,exitosamente
3132,uns,uno
3133,tpc,deposito
3134,-,-
3135,-,-
3136,-,-
3137,-,-
3138,-,-
3139,-,-
3140,*,Como
3141,*,le
3142,*,hago
3143,*,para
3144,acc,cancelar
3145,uns,un
3146,tpc,deposito
3147,-,-
3148,-,-
3149,-,-
3150,-,-
3151,-,-
3152,-,-
3153,*,Como
3154,*,le
3155,*,hago
3156,*,para
3157,acc,cancelar
3158,uns,una
3159,tpc,deposito
3160,-,-
3161,-,-
3162,-,-
3163,-,-
3164,-,-
3165,-,-
3166,*,Como
3167,*,le
3168,*,hago
3169,*,para
3170,acc,cancelar
3171,uns,uno
3172,tpc,deposito
3173,-,-
3174,-,-
3175,-,-
3176,-,-
3177,-,-
3178,-,-
3179,*,Como
3180,*,le
3181,*,hago
3182,*,para
3183,acc,pagar
3184,uns,un
3185,tpc,deposito
3186,-,-
3187,-,-
3188,-,-
3189,-,-
3190,-,-
3191,-,-
3192,*,Como
3193,*,le
3194,*,hago
3195,*,para
3196,acc,pagar
3197,uns,una
3198,tpc,deposito
3199,-,-
3200,-,-
3201,-,-
3202,-,-
3203,-,-
3204,-,-
3205,*,Como
3206,*,le
3207,*,hago
3208,*,para
3209,acc,pagar
3210,uns,uno
3211,tpc,deposito
3212,-,-
3213,-,-
3214,-,-
3215,-,-
3216,-,-
3217,-,-
3218,*,Como
3219,*,le
3220,*,hago
3221,*,para
3222,acc,enviar
3223,uns,un
3224,tpc,beneficiario
3225,-,-
3226,-,-
3227,-,-
3228,-,-
3229,-,-
3230,-,-
3231,*,Como
3232,*,le
3233,*,hago
3234,*,para
3235,acc,enviar
3236,uns,una
3237,tpc,beneficiario
3238,-,-
3239,-,-
3240,-,-
3241,-,-
3242,-,-
3243,-,-
3244,*,Como
3245,*,le
3246,*,hago
3247,*,para
3248,acc,enviar
3249,uns,uno
3250,tpc,beneficiario
3251,-,-
3252,-,-
3253,-,-
3254,-,-
3255,-,-
3256,-,-
3257,*,Como
3258,*,le
3259,*,hago
3260,*,para
3261,acc,recibir
3262,uns,un
3263,tpc,beneficiario
3264,-,-
3265,-,-
3266,-,-
3267,-,-
3268,-,-
3269,-,-
3270,*,Como
3271,*,le
3272,*,hago
3273,*,para
3274,acc,recibir
3275,uns,una
3276,tpc,beneficiario
3277,-,-
3278,-,-
3279,-,-
3280,-,-
3281,-,-
3282,-,-
3283,*,Como
3284,*,le
3285,*,hago
3286,*,para
3287,acc,recibir
3288,uns,uno
3289,tpc,beneficiario
3290,-,-
3291,-,-
3292,-,-
3293,-,-
3294,-,-
3295,-,-
3296,*,Como
3297,*,le
3298,*,hago
3299,*,para
3300,acc,obtener
3301,acc,exitosamente
3302,uns,un
3303,tpc,beneficiario
3304,-,-
3305,-,-
3306,-,-
3307,-,-
3308,-,-
3309,-,-
3310,*,Como
3311,*,le
3312,*,hago
3313,*,para
3314,acc,obtener
3315,acc,exitosamente
3316,uns,una
3317,tpc,beneficiario
3318,-,-
3319,-,-
3320,-,-
3321,-,-
3322,-,-
3323,-,-
3324,*,Como
3325,*,le
3326,*,hago
3327,*,para
3328,acc,obtener
3329,acc,exitosamente
3330,uns,uno
3331,tpc,beneficiario
3332,-,-
3333,-,-
3334,-,-
3335,-,-
3336,-,-
3337,-,-
3338,*,Como
3339,*,le
3340,*,hago
3341,*,para
3342,acc,cancelar
3343,uns,un
3344,tpc,beneficiario
3345,-,-
3346,-,-
3347,-,-
3348,-,-
3349,-,-
3350,-,-
3351,*,Como
3352,*,le
3353,*,hago
3354,*,para
3355,acc,cancelar
3356,uns,una
3357,tpc,beneficiario
3358,-,-
3359,-,-
3360,-,-
3361,-,-
3362,-,-
3363,-,-
3364,*,Como
3365,*,le
3366,*,hago
3367,*,para
3368,acc,cancelar
3369,uns,uno
3370,tpc,beneficiario
3371,-,-
3372,-,-
3373,-,-
3374,-,-
3375,-,-
3376,-,-
3377,*,Como
3378,*,le
3379,*,hago
3380,*,para
3381,acc,pagar
3382,uns,un
3383,tpc,beneficiario
3384,-,-
3385,-,-
3386,-,-
3387,-,-
3388,-,-
3389,-,-
3390,*,Como
3391,*,le
3392,*,hago
3393,*,para
3394,acc,pagar
3395,uns,una
3396,tpc,beneficiario
3397,-,-
3398,-,-
3399,-,-
3400,-,-
3401,-,-
3402,-,-
3403,*,Como
3404,*,le
3405,*,hago
3406,*,para
3407,acc,pagar
3408,uns,uno
3409,tpc,beneficiario
3410,-,-
3411,-,-
3412,-,-
3413,-,-
3414,-,-
3415,-,-
3416,*,Como
3417,*,le
3418,*,hago
3419,*,para
3420,acc,enviar
3421,uns,un
3422,tpc,cuenta
3423,-,-
3424,-,-
3425,-,-
3426,-,-
3427,-,-
3428,-,-
3429,*,Como
3430,*,le
3431,*,hago
3432,*,para
3433,acc,enviar
3434,uns,una
3435,tpc,cuenta
3436,-,-
3437,-,-
3438,-,-
3439,-,-
3440,-,-
3441,-,-
3442,*,Como
3443,*,le
3444,*,hago
3445,*,para
3446,acc,enviar
3447,uns,uno
3448,tpc,cuenta
3449,-,-
3450,-,-
3451,-,-
3452,-,-
3453,-,-
3454,-,-
3455,*,Como
3456,*,le
3457,*,hago
3458,*,para
3459,acc,recibir
3460,uns,un
3461,tpc,cuenta
3462,-,-
3463,-,-
3464,-,-
3465,-,-
3466,-,-
3467,-,-
3468,*,Como
3469,*,le
3470,*,hago
3471,*,para
3472,acc,recibir
3473,uns,una
3474,tpc,cuenta
3475,-,-
3476,-,-
3477,-,-
3478,-,-
3479,-,-
3480,-,-
3481,*,Como
3482,*,le
3483,*,hago
3484,*,para
3485,acc,recibir
3486,uns,uno
3487,tpc,cuenta
3488,-,-
3489,-,-
3490,-,-
3491,-,-
3492,-,-
3493,-,-
3494,*,Como
3495,*,le
3496,*,hago
3497,*,para
3498,acc,obtener
3499,acc,exitosamente
3500,uns,un
3501,tpc,cuenta
3502,-,-
3503,-,-
3504,-,-
3505,-,-
3506,-,-
3507,-,-
3508,*,Como
3509,*,le
3510,*,hago
3511,*,para
3512,acc,obtener
3513,acc,exitosamente
3514,uns,una
3515,tpc,cuenta
3516,-,-
3517,-,-
3518,-,-
3519,-,-
3520,-,-
3521,-,-
3522,*,Como
3523,*,le
3524,*,hago
3525,*,para
3526,acc,obtener
3527,acc,exitosamente
3528,uns,uno
3529,tpc,cuenta
3530,-,-
3531,-,-
3532,-,-
3533,-,-
3534,-,-
3535,-,-
3536,*,Como
3537,*,le
3538,*,hago
3539,*,para
3540,acc,cancelar
3541,uns,un
3542,tpc,cuenta
3543,-,-
3544,-,-
3545,-,-
3546,-,-
3547,-,-
3548,-,-
3549,*,Como
3550,*,le
3551,*,hago
3552,*,para
3553,acc,cancelar
3554,uns,una
3555,tpc,cuenta
3556,-,-
3557,-,-
3558,-,-
3559,-,-
3560,-,-
3561,-,-
3562,*,Como
3563,*,le
3564,*,hago
3565,*,para
3566,acc,cancelar
3567,uns,uno
3568,tpc,cuenta
3569,-,-
3570,-,-
3571,-,-
3572,-,-
3573,-,-
3574,-,-
3575,*,Como
3576,*,le
3577,*,hago
3578,*,para
3579,acc,pagar
3580,uns,un
3581,tpc,cuenta
3582,-,-
3583,-,-
3584,-,-
3585,-,-
3586,-,-
3587,-,-
3588,*,Como
3589,*,le
3590,*,hago
3591,*,para
3592,acc,pagar
3593,uns,una
3594,tpc,cuenta
3595,-,-
3596,-,-
3597,-,-
3598,-,-
3599,-,-
3600,-,-
3601,*,Como
3602,*,le
3603,*,hago
3604,*,para
3605,acc,pagar
3606,uns,uno
3607,tpc,cuenta
3608,-,-
3609,-,-
3610,-,-
3611,-,-
3612,-,-
3613,-,-
3614,*,Como
3615,*,le
3616,*,hago
3617,*,para
3618,acc,enviar
3619,uns,un
3620,tpc,cuenta
3621,tpc,compartida
3622,-,-
3623,-,-
3624,-,-
3625,-,-
3626,-,-
3627,-,-
3628,*,Como
3629,*,le
3630,*,hago
3631,*,para
3632,acc,enviar
3633,uns,una
3634,tpc,cuenta
3635,tpc,compartida
3636,-,-
3637,-,-
3638,-,-
3639,-,-
3640,-,-
3641,-,-
3642,*,Como
3643,*,le
3644,*,hago
3645,*,para
3646,acc,enviar
3647,uns,uno
3648,tpc,cuenta
3649,tpc,compartida
3650,-,-
3651,-,-
3652,-,-
3653,-,-
3654,-,-
3655,-,-
3656,*,Como
3657,*,le
3658,*,hago
3659,*,para
3660,acc,recibir
3661,uns,un
3662,tpc,cuenta
3663,tpc,compartida
3664,-,-
3665,-,-
3666,-,-
3667,-,-
3668,-,-
3669,-,-
3670,*,Como
3671,*,le
3672,*,hago
3673,*,para
3674,acc,recibir
3675,uns,una
3676,tpc,cuenta
3677,tpc,compartida
3678,-,-
3679,-,-
3680,-,-
3681,-,-
3682,-,-
3683,-,-
3684,*,Como
3685,*,le
3686,*,hago
3687,*,para
3688,acc,recibir
3689,uns,uno
3690,tpc,cuenta
3691,tpc,compartida
3692,-,-
3693,-,-
3694,-,-
3695,-,-
3696,-,-
3697,-,-
3698,*,Como
3699,*,le
3700,*,hago
3701,*,para
3702,acc,obtener
3703,acc,exitosamente
3704,uns,un
3705,tpc,cuenta
3706,tpc,compartida
3707,-,-
3708,-,-
3709,-,-
3710,-,-
3711,-,-
3712,-,-
3713,*,Como
3714,*,le
3715,*,hago
3716,*,para
3717,acc,obtener
3718,acc,exitosamente
3719,uns,una
3720,tpc,cuenta
3721,tpc,compartida
3722,-,-
3723,-,-
3724,-,-
3725,-,-
3726,-,-
3727,-,-
3728,*,Como
3729,*,le
3730,*,hago
3731,*,para
3732,acc,obtener
3733,acc,exitosamente
3734,uns,uno
3735,tpc,cuenta
3736,tpc,compartida
3737,-,-
3738,-,-
3739,-,-
3740,-,-
3741,-,-
3742,-,-
3743,*,Como
3744,*,le
3745,*,hago
3746,*,para
3747,acc,cancelar
3748,uns,un
3749,tpc,cuenta
3750,tpc,compartida
3751,-,-
3752,-,-
3753,-,-
3754,-,-
3755,-,-
3756,-,-
3757,*,Como
3758,*,le
3759,*,hago
3760,*,para
3761,acc,cancelar
3762,uns,una
3763,tpc,cuenta
3764,tpc,compartida
3765,-,-
3766,-,-
3767,-,-
3768,-,-
3769,-,-
3770,-,-
3771,*,Como
3772,*,le
3773,*,hago
3774,*,para
3775,acc,cancelar
3776,uns,uno
3777,tpc,cuenta
3778,tpc,compartida
3779,-,-
3780,-,-
3781,-,-
3782,-,-
3783,-,-
3784,-,-
3785,*,Como
3786,*,le
3787,*,hago
3788,*,para
3789,acc,pagar
3790,uns,un
3791,tpc,cuenta
3792,tpc,compartida
3793,-,-
3794,-,-
3795,-,-
3796,-,-
3797,-,-
3798,-,-
3799,*,Como
3800,*,le
3801,*,hago
3802,*,para
3803,acc,pagar
3804,uns,una
3805,tpc,cuenta
3806,tpc,compartida
3807,-,-
3808,-,-
3809,-,-
3810,-,-
3811,-,-
3812,-,-
3813,*,Como
3814,*,le
3815,*,hago
3816,*,para
3817,acc,pagar
3818,uns,uno
3819,tpc,cuenta
3820,tpc,compartida
3821,-,-
3822,-,-
3823,-,-
